display_order,lesson_id,level,category,title,grammar_point,jp_explanation,jp_example,en_example,learning_goal,quiz_id,quiz_order,question_jp,choice_a,choice_b,choice_c,choice_d,answer_index,explanation_jp,difficulty
1,G-PREP2-001,eiken_pre2,完了形,過去完了,had + 過去分詞,過去のある時点よりも、さらに前に起きたことを表す。完了・経験・継続・大過去の意味で使われる。,母が帰宅したとき、私は宿題を終えていた。,I had finished my homework when Mother came home.,新しい過去と古い過去を区別して、古いほうを過去完了で表せる。,Q-PREP2-001-01,1,「母が帰宅したとき、私は宿題を終えていた。」に最も近い英文はどれですか。,I finished my homework when Mother comes home.,I had finished my homework when Mother came home.,I have finished my homework when Mother came home.,I was finishing my homework tomorrow.,1,母が帰宅したのは過去。その時点より前に宿題を終えていたので had finished を使う。,2
1,G-PREP2-001,eiken_pre2,完了形,過去完了,had + 過去分詞,過去のある時点よりも、さらに前に起きたことを表す。完了・経験・継続・大過去の意味で使われる。,母が帰宅したとき、私は宿題を終えていた。,I had finished my homework when Mother came home.,新しい過去と古い過去を区別して、古いほうを過去完了で表せる。,Q-PREP2-001-02,2,「彼女が北海道に引っ越すまで、雪を見たことがなかった。」に最も近い英文はどれですか。,She never sees snow until she moved to Hokkaido.,She had never seen snow until she moved to Hokkaido.,She has never saw snow until she moved to Hokkaido.,She was never see snow until she moved to Hokkaido.,1,北海道に引っ越した時点より前の経験なので had never seen を使う。,2
1,G-PREP2-001,eiken_pre2,完了形,過去完了,had + 過去分詞,過去のある時点よりも、さらに前に起きたことを表す。完了・経験・継続・大過去の意味で使われる。,母が帰宅したとき、私は宿題を終えていた。,I had finished my homework when Mother came home.,新しい過去と古い過去を区別して、古いほうを過去完了で表せる。,Q-PREP2-001-03,3,空所に入る最も適切なものはどれですか。He lost the watch which I _____ him.,give,gave,had given,have given,2,時計をあげたのは、なくした時より前なので had given が正しい。,2
1,G-PREP2-001,eiken_pre2,完了形,過去完了,had + 過去分詞,過去のある時点よりも、さらに前に起きたことを表す。完了・経験・継続・大過去の意味で使われる。,母が帰宅したとき、私は宿題を終えていた。,I had finished my homework when Mother came home.,新しい過去と古い過去を区別して、古いほうを過去完了で表せる。,Q-PREP2-001-04,4,「彼らは結婚したとき、すでに長い間お互いを知っていた。」に最も近い英文はどれですか。,They had known each other when they got married.,They have known each other when they got married.,They knew each other when they will get married.,They are knowing each other when they got married.,0,結婚した時点より前から知っていたので had known を使う。,2
1,G-PREP2-001,eiken_pre2,完了形,過去完了,had + 過去分詞,過去のある時点よりも、さらに前に起きたことを表す。完了・経験・継続・大過去の意味で使われる。,母が帰宅したとき、私は宿題を終えていた。,I had finished my homework when Mother came home.,新しい過去と古い過去を区別して、古いほうを過去完了で表せる。,Q-PREP2-001-05,5,空所に入る最も適切なものはどれですか。She sold the book that she _____ three months before.,buys,has bought,had bought,will buy,2,売った時より3か月前に買っていたので had bought が正しい。,2
2,G-PREP2-002,eiken_pre2,仮定法,仮定法過去完了,"If + 主語 + had + 過去分詞, 主語 + would/could/might have + 過去分詞",過去に実際には起こらなかったことを仮定し、『もし〜していたら、〜だったのに』という意味を表す。,もし早く起きていたら、バスに乗り遅れなかったのに。,"If I had got up early, I wouldn't have missed the bus.",過去の事実と反対の内容を仮定法過去完了で表せる。,Q-PREP2-002-01,1,「もし彼がもっと勉強していたら、試験に合格したかもしれない。」に最も近い英文はどれですか。,"If he studies harder, he passes the exam.","If he had studied harder, he might have passed the exam.","If he studied harder, he will pass the exam.","If he has studied harder, he can pass the exam.",1,"過去に実際は十分勉強しなかったという仮定なので If + had studied, might have passed を使う。",2
2,G-PREP2-002,eiken_pre2,仮定法,仮定法過去完了,"If + 主語 + had + 過去分詞, 主語 + would/could/might have + 過去分詞",過去に実際には起こらなかったことを仮定し、『もし〜していたら、〜だったのに』という意味を表す。,もし早く起きていたら、バスに乗り遅れなかったのに。,"If I had got up early, I wouldn't have missed the bus.",過去の事実と反対の内容を仮定法過去完了で表せる。,Q-PREP2-002-02,2,"空所に入る最も適切なものはどれですか。If I _____ the bus, I could have been on time.",catch,caught,had caught,have caught,2,過去の事実と反対の仮定なので if節は had + 過去分詞。,2
2,G-PREP2-002,eiken_pre2,仮定法,仮定法過去完了,"If + 主語 + had + 過去分詞, 主語 + would/could/might have + 過去分詞",過去に実際には起こらなかったことを仮定し、『もし〜していたら、〜だったのに』という意味を表す。,もし早く起きていたら、バスに乗り遅れなかったのに。,"If I had got up early, I wouldn't have missed the bus.",過去の事実と反対の内容を仮定法過去完了で表せる。,Q-PREP2-002-03,3,「もし早く寝ていたら、眠くなかっただろうに。」に最も近い英文はどれですか。,"If I went to bed early, I am not sleepy.","If I had gone to bed early, I wouldn't have been sleepy.","If I have gone to bed early, I won't be sleepy.","If I go to bed early, I wasn't sleepy.",1,過去に早く寝なかったことを仮定しているので had gone / wouldn't have been。,2
2,G-PREP2-002,eiken_pre2,仮定法,仮定法過去完了,"If + 主語 + had + 過去分詞, 主語 + would/could/might have + 過去分詞",過去に実際には起こらなかったことを仮定し、『もし〜していたら、〜だったのに』という意味を表す。,もし早く起きていたら、バスに乗り遅れなかったのに。,"If I had got up early, I wouldn't have missed the bus.",過去の事実と反対の内容を仮定法過去完了で表せる。,Q-PREP2-002-04,4,"空所に入る最も適切なものはどれですか。If he had studied harder, he _____ the exam.",passes,will pass,might have passed,has passed,2,仮定法過去完了では、主節に might/would/could have + 過去分詞を使う。,2
2,G-PREP2-002,eiken_pre2,仮定法,仮定法過去完了,"If + 主語 + had + 過去分詞, 主語 + would/could/might have + 過去分詞",過去に実際には起こらなかったことを仮定し、『もし〜していたら、〜だったのに』という意味を表す。,もし早く起きていたら、バスに乗り遅れなかったのに。,"If I had got up early, I wouldn't have missed the bus.",過去の事実と反対の内容を仮定法過去完了で表せる。,Q-PREP2-002-05,5,「もし傘を持っていたら、ぬれなかったのに。」に最も近い英文はどれですか。,"If I have an umbrella, I don't get wet.","If I had had an umbrella, I wouldn't have got wet.","If I had an umbrella, I won't get wet.","If I have had an umbrella, I didn't get wet.",1,過去に傘を持っていなかったという反実仮想なので If I had had ... を使う。,2
3,G-PREP2-003,eiken_pre2,完了形,未来完了,will have + 過去分詞,未来のある時点までに『〜してしまっているだろう』『〜したことになるだろう』『〜していることになるだろう』を表す。,あなたが到着するころには、私たちは準備を終えているだろう。,"When you arrive, we will have completed all preparations.",未来の基準時点までの完了・経験・継続を表せる。,Q-PREP2-003-01,1,「来月で私は5年間英語を勉強していることになる。」に最も近い英文はどれですか。,I study English for five years by next month.,I studied English for five years by next month.,I'll have been studying English for 5 years by next month.,I have studied English yesterday.,2,未来のある時点までの継続なので will have been studying を使う。,2
3,G-PREP2-003,eiken_pre2,完了形,未来完了,will have + 過去分詞,未来のある時点までに『〜してしまっているだろう』『〜したことになるだろう』『〜していることになるだろう』を表す。,あなたが到着するころには、私たちは準備を終えているだろう。,"When you arrive, we will have completed all preparations.",未来の基準時点までの完了・経験・継続を表せる。,Q-PREP2-003-02,2,"空所に入る最も適切なものはどれですか。By the time you arrive, I _____ my work.",finish,finished,will have finished,am finishing,2,未来のある時点までの完了なので will have finished。,2
3,G-PREP2-003,eiken_pre2,完了形,未来完了,will have + 過去分詞,未来のある時点までに『〜してしまっているだろう』『〜したことになるだろう』『〜していることになるだろう』を表す。,あなたが到着するころには、私たちは準備を終えているだろう。,"When you arrive, we will have completed all preparations.",未来の基準時点までの完了・経験・継続を表せる。,Q-PREP2-003-03,3,「そこへもう一度行けば、ハワイに3回行ったことになる。」に最も近い英文はどれですか。,I'll have been to Hawaii three times if I go there again.,I went to Hawaii three times if I go there again.,I have go to Hawaii three times if I went there again.,I will be going Hawaii three times if I go there again.,0,未来の時点での経験回数なので will have been to を使う。,2
3,G-PREP2-003,eiken_pre2,完了形,未来完了,will have + 過去分詞,未来のある時点までに『〜してしまっているだろう』『〜したことになるだろう』『〜していることになるだろう』を表す。,あなたが到着するころには、私たちは準備を終えているだろう。,"When you arrive, we will have completed all preparations.",未来の基準時点までの完了・経験・継続を表せる。,Q-PREP2-003-04,4,"空所に入る最も適切なものはどれですか。This summer, we _____ married for five years.",are,were,will have been,have been being,2,未来の時点までの継続なので will have been married。,2
3,G-PREP2-003,eiken_pre2,完了形,未来完了,will have + 過去分詞,未来のある時点までに『〜してしまっているだろう』『〜したことになるだろう』『〜していることになるだろう』を表す。,あなたが到着するころには、私たちは準備を終えているだろう。,"When you arrive, we will have completed all preparations.",未来の基準時点までの完了・経験・継続を表せる。,Q-PREP2-003-05,5,「あなたが来るまでに、私は仕事を終えていないだろう。」に最も近い英文はどれですか。,I won’t have done my work by the time you arrive.,I didn’t do my work by the time you arrive.,I won’t did my work by the time you arrive.,I haven’t doing my work by the time you arrive.,0,未来完了の否定は won’t have + 過去分詞。,2
4,G-PREP2-004,eiken_pre2,助動詞,助動詞＋完了,may/must/can't/should + have + 過去分詞,過去のことについて推量・後悔・非難を表す。may have は『〜したかもしれない』、must have は『〜したにちがいない』、should have は『〜すべきだった』。,彼はここに来たにちがいない。,He must have come here.,過去についての推量・後悔を助動詞＋完了で表せる。,Q-PREP2-004-01,1,「私はお金を貯めるべきだった。」に最も近い英文はどれですか。,I should have saved money.,I should save money yesterday.,I must saving money.,I can't have saved money.,0,過去に実際はしなかったことへの後悔なので should have saved を使う。,2
4,G-PREP2-004,eiken_pre2,助動詞,助動詞＋完了,may/must/can't/should + have + 過去分詞,過去のことについて推量・後悔・非難を表す。may have は『〜したかもしれない』、must have は『〜したにちがいない』、should have は『〜すべきだった』。,彼はここに来たにちがいない。,He must have come here.,過去についての推量・後悔を助動詞＋完了で表せる。,Q-PREP2-004-02,2,空所に入る最も適切なものはどれですか。She _____ here. I saw her bag on the desk.,must have come,can come,should come,may coming,0,強い推量『〜したにちがいない』は must have + 過去分詞。,2
4,G-PREP2-004,eiken_pre2,助動詞,助動詞＋完了,may/must/can't/should + have + 過去分詞,過去のことについて推量・後悔・非難を表す。may have は『〜したかもしれない』、must have は『〜したにちがいない』、should have は『〜すべきだった』。,彼はここに来たにちがいない。,He must have come here.,過去についての推量・後悔を助動詞＋完了で表せる。,Q-PREP2-004-03,3,「彼がここに来たはずがない。」に最も近い英文はどれですか。,He must have come here.,He can't have come here.,He should have come here.,He may come here.,1,過去について『〜したはずがない』は can't have + 過去分詞。,2
4,G-PREP2-004,eiken_pre2,助動詞,助動詞＋完了,may/must/can't/should + have + 過去分詞,過去のことについて推量・後悔・非難を表す。may have は『〜したかもしれない』、must have は『〜したにちがいない』、should have は『〜すべきだった』。,彼はここに来たにちがいない。,He must have come here.,過去についての推量・後悔を助動詞＋完了で表せる。,Q-PREP2-004-04,4,空所に入る最も適切なものはどれですか。You _____ so much money.,shouldn't have wasted,shouldn't wasting,mustn't wasted,can't wasting,0,過去への非難『〜すべきではなかった』は shouldn't have + 過去分詞。,2
4,G-PREP2-004,eiken_pre2,助動詞,助動詞＋完了,may/must/can't/should + have + 過去分詞,過去のことについて推量・後悔・非難を表す。may have は『〜したかもしれない』、must have は『〜したにちがいない』、should have は『〜すべきだった』。,彼はここに来たにちがいない。,He must have come here.,過去についての推量・後悔を助動詞＋完了で表せる。,Q-PREP2-004-05,5,「彼はひょっとしたらここに来たかもしれない。」に最も近い英文はどれですか。,He might have come here.,He must come here.,He can't have come here.,He should coming here.,0,弱い推量『ひょっとしたら〜したかもしれない』は might have + 過去分詞。,2
5,G-PREP2-005,eiken_pre2,助動詞,助動詞の慣用表現,had better / ought to / can't help ~ing / cannot ... too ~,had better は『〜したほうがよい』、ought to は『〜すべき』、can't help ~ing は『〜せずにはいられない』を表す。,あなたはもっと一生懸命勉強したほうがよい。,You had better study harder.,準2級でよく出る助動詞の慣用表現を理解する。,Q-PREP2-005-01,1,「その映画を見ると泣かずにはいられない。」に最も近い英文はどれですか。,I can't help crying when I watch the movie.,I can't too cry when I watch the movie.,I had better crying when I watch the movie.,I ought crying when I watch the movie.,0,『〜せずにはいられない』は can't help ~ing を使う。,2
5,G-PREP2-005,eiken_pre2,助動詞,助動詞の慣用表現,had better / ought to / can't help ~ing / cannot ... too ~,had better は『〜したほうがよい』、ought to は『〜すべき』、can't help ~ing は『〜せずにはいられない』を表す。,あなたはもっと一生懸命勉強したほうがよい。,You had better study harder.,準2級でよく出る助動詞の慣用表現を理解する。,Q-PREP2-005-02,2,空所に入る最も適切なものはどれですか。You _____ read more books.,ought to,had to better,can't help,cannot too,0,『〜すべき』は ought to + 原形。,2
5,G-PREP2-005,eiken_pre2,助動詞,助動詞の慣用表現,had better / ought to / can't help ~ing / cannot ... too ~,had better は『〜したほうがよい』、ought to は『〜すべき』、can't help ~ing は『〜せずにはいられない』を表す。,あなたはもっと一生懸命勉強したほうがよい。,You had better study harder.,準2級でよく出る助動詞の慣用表現を理解する。,Q-PREP2-005-03,3,「注意しすぎることはない。」に最も近い英文はどれですか。,You can't be too careful.,You can't careful too be.,You had better too careful.,You ought careful too.,0,cannot ... too ~ は『いくら〜してもしすぎることはない』。,2
5,G-PREP2-005,eiken_pre2,助動詞,助動詞の慣用表現,had better / ought to / can't help ~ing / cannot ... too ~,had better は『〜したほうがよい』、ought to は『〜すべき』、can't help ~ing は『〜せずにはいられない』を表す。,あなたはもっと一生懸命勉強したほうがよい。,You had better study harder.,準2級でよく出る助動詞の慣用表現を理解する。,Q-PREP2-005-04,4,空所に入る最も適切なものはどれですか。You had better _____ harder.,study,to study,studying,studied,0,had better の後は動詞の原形。,2
5,G-PREP2-005,eiken_pre2,助動詞,助動詞の慣用表現,had better / ought to / can't help ~ing / cannot ... too ~,had better は『〜したほうがよい』、ought to は『〜すべき』、can't help ~ing は『〜せずにはいられない』を表す。,あなたはもっと一生懸命勉強したほうがよい。,You had better study harder.,準2級でよく出る助動詞の慣用表現を理解する。,Q-PREP2-005-05,5,「あなたにはいくら感謝してもしすぎることはありません。」に最も近い英文はどれですか。,I cannot thank you too much.,I cannot too much thanking you.,I had better thank you too much.,I can't help thank you too much.,0,cannot ... too ~ の慣用表現。,2
6,G-PREP2-006,eiken_pre2,受動態,受動態の発展,助動詞 + be + 過去分詞 / be being p.p. / have been p.p.,助動詞・進行形・完了形と組み合わせて『〜されなければならない』『〜されているところだ』『〜されてきた』を表す。,その本は多くの人に読まれてきた。,The book has been read by many people.,受動態を時制や助動詞と組み合わせて使える。,Q-PREP2-006-01,1,「その部屋は今掃除されているところです。」に最も近い英文はどれですか。,The room cleans now.,The room is being cleaned now.,The room has cleaned now.,The room must cleaning now.,1,『今〜されているところ』は is being cleaned のように受動態の進行形を使う。,2
6,G-PREP2-006,eiken_pre2,受動態,受動態の発展,助動詞 + be + 過去分詞 / be being p.p. / have been p.p.,助動詞・進行形・完了形と組み合わせて『〜されなければならない』『〜されているところだ』『〜されてきた』を表す。,その本は多くの人に読まれてきた。,The book has been read by many people.,受動態を時制や助動詞と組み合わせて使える。,Q-PREP2-006-02,2,空所に入る最も適切なものはどれですか。The book must _____ soon.,return,returned,be returned,being returned,2,助動詞の受動態は must be + 過去分詞。,2
6,G-PREP2-006,eiken_pre2,受動態,受動態の発展,助動詞 + be + 過去分詞 / be being p.p. / have been p.p.,助動詞・進行形・完了形と組み合わせて『〜されなければならない』『〜されているところだ』『〜されてきた』を表す。,その本は多くの人に読まれてきた。,The book has been read by many people.,受動態を時制や助動詞と組み合わせて使える。,Q-PREP2-006-03,3,「そのドアは開けられてはいけません。」に最も近い英文はどれですか。,The door must not be opened.,The door must not open.,The door must not opened.,The door must not being opened.,0,『〜されてはいけない』は must not be + 過去分詞。,2
6,G-PREP2-006,eiken_pre2,受動態,受動態の発展,助動詞 + be + 過去分詞 / be being p.p. / have been p.p.,助動詞・進行形・完了形と組み合わせて『〜されなければならない』『〜されているところだ』『〜されてきた』を表す。,その本は多くの人に読まれてきた。,The book has been read by many people.,受動態を時制や助動詞と組み合わせて使える。,Q-PREP2-006-04,4,空所に入る最も適切なものはどれですか。A beautiful view can _____ from here.,see,saw,be seen,seeing,2,can の受動態は can be + 過去分詞。,2
6,G-PREP2-006,eiken_pre2,受動態,受動態の発展,助動詞 + be + 過去分詞 / be being p.p. / have been p.p.,助動詞・進行形・完了形と組み合わせて『〜されなければならない』『〜されているところだ』『〜されてきた』を表す。,その本は多くの人に読まれてきた。,The book has been read by many people.,受動態を時制や助動詞と組み合わせて使える。,Q-PREP2-006-05,5,「私はその結果に満足しています。」に最も近い英文はどれですか。,I am satisfied with the result.,I am satisfied by the result.,I am satisfying with the result.,I satisfy with the result.,0,be satisfied with は『〜に満足している』。,2
7,G-PREP2-007,eiken_pre2,不定詞,不定詞の発展用法,結果 / be to / seem to / for A to / of A to / too ... to,不定詞は目的だけでなく、結果・予定・判断・意味上の主語・程度などを表す。,彼は成長して医者になった。,He grew up to be a doctor.,不定詞の複数の意味を文脈で判断できる。,Q-PREP2-007-01,1,「私は疲れすぎて走れなかった。」に最も近い英文はどれですか。,I was too tired to run.,I was enough tired to run.,I tired to run too.,I was tired so run.,0,『〜すぎて…できない』は too ... to ~ を使う。,2
7,G-PREP2-007,eiken_pre2,不定詞,不定詞の発展用法,結果 / be to / seem to / for A to / of A to / too ... to,不定詞は目的だけでなく、結果・予定・判断・意味上の主語・程度などを表す。,彼は成長して医者になった。,He grew up to be a doctor.,不定詞の複数の意味を文脈で判断できる。,Q-PREP2-007-02,2,空所に入る最も適切なものはどれですか。The train is _____ at six.,arrive,to arrive,arriving to,arrived to,1,be to + 原形で予定を表す。,2
7,G-PREP2-007,eiken_pre2,不定詞,不定詞の発展用法,結果 / be to / seem to / for A to / of A to / too ... to,不定詞は目的だけでなく、結果・予定・判断・意味上の主語・程度などを表す。,彼は成長して医者になった。,He grew up to be a doctor.,不定詞の複数の意味を文脈で判断できる。,Q-PREP2-007-03,3,「彼はこの歌が好きなようだ。」に最も近い英文はどれですか。,He seems to like this song.,He seems liking this song.,He seems that like this song.,He seems to likes this song.,0,seem to + 原形で『〜のようだ』。,2
7,G-PREP2-007,eiken_pre2,不定詞,不定詞の発展用法,結果 / be to / seem to / for A to / of A to / too ... to,不定詞は目的だけでなく、結果・予定・判断・意味上の主語・程度などを表す。,彼は成長して医者になった。,He grew up to be a doctor.,不定詞の複数の意味を文脈で判断できる。,Q-PREP2-007-04,4,空所に入る最も適切なものはどれですか。It was careless _____ you to make such a mistake.,for,of,to,with,1,人の性質を表す形容詞 careless では It is ... of A to ~ を使う。,2
7,G-PREP2-007,eiken_pre2,不定詞,不定詞の発展用法,結果 / be to / seem to / for A to / of A to / too ... to,不定詞は目的だけでなく、結果・予定・判断・意味上の主語・程度などを表す。,彼は成長して医者になった。,He grew up to be a doctor.,不定詞の複数の意味を文脈で判断できる。,Q-PREP2-007-05,5,「ガラスを割らないように気をつけなさい。」に最も近い英文はどれですか。,Be careful not to break the glass.,Be careful to not breaking the glass.,Be careful not break the glass.,Be careful don't break the glass.,0,『〜しないように』は not to + 原形。,2
8,G-PREP2-008,eiken_pre2,不定詞,原形不定詞,知覚動詞・使役動詞 + 目的語 + 原形,see/hear などの知覚動詞、make/have/let などの使役動詞の後では、to をつけない原形不定詞を使うことがある。,私は彼が店に入るのを見た。,I saw him enter the shop.,知覚動詞・使役動詞の後の動詞の形を選べる。,Q-PREP2-008-01,1,「母は私を外出させてくれなかった。」に最も近い英文はどれですか。,My mother didn’t let me go out.,My mother didn’t let me to go out.,My mother didn’t made me went out.,My mother didn’t had me going out.,0,let + 人 + 原形なので go out が正しい。,2
8,G-PREP2-008,eiken_pre2,不定詞,原形不定詞,知覚動詞・使役動詞 + 目的語 + 原形,see/hear などの知覚動詞、make/have/let などの使役動詞の後では、to をつけない原形不定詞を使うことがある。,私は彼が店に入るのを見た。,I saw him enter the shop.,知覚動詞・使役動詞の後の動詞の形を選べる。,Q-PREP2-008-02,2,空所に入る最も適切なものはどれですか。I heard someone _____ me.,call,to call,called,calls,0,知覚動詞 hear + 人 + 原形。,2
8,G-PREP2-008,eiken_pre2,不定詞,原形不定詞,知覚動詞・使役動詞 + 目的語 + 原形,see/hear などの知覚動詞、make/have/let などの使役動詞の後では、to をつけない原形不定詞を使うことがある。,私は彼が店に入るのを見た。,I saw him enter the shop.,知覚動詞・使役動詞の後の動詞の形を選べる。,Q-PREP2-008-03,3,「私は彼にその仕事をさせるつもりです。」に最も近い英文はどれですか。,I will make him do the work.,I will make him to do the work.,I will make him doing the work.,I will make him does the work.,0,make + 人 + 原形で『無理に〜させる』。,2
8,G-PREP2-008,eiken_pre2,不定詞,原形不定詞,知覚動詞・使役動詞 + 目的語 + 原形,see/hear などの知覚動詞、make/have/let などの使役動詞の後では、to をつけない原形不定詞を使うことがある。,私は彼が店に入るのを見た。,I saw him enter the shop.,知覚動詞・使役動詞の後の動詞の形を選べる。,Q-PREP2-008-04,4,空所に入る最も適切なものはどれですか。We had her _____ our picture.,take,to take,taken,takes,0,have + 人 + 原形で『〜してもらう』。,2
8,G-PREP2-008,eiken_pre2,不定詞,原形不定詞,知覚動詞・使役動詞 + 目的語 + 原形,see/hear などの知覚動詞、make/have/let などの使役動詞の後では、to をつけない原形不定詞を使うことがある。,私は彼が店に入るのを見た。,I saw him enter the shop.,知覚動詞・使役動詞の後の動詞の形を選べる。,Q-PREP2-008-05,5,「私は彼がピアノを弾くのを聞いた。」に最も近い英文はどれですか。,I listened to him play the piano.,I listened to him to play the piano.,I listened him playing the piano.,I listened to him played the piano.,0,listen to + 人 + 原形で『人が〜するのを聞く』。,2
9,G-PREP2-009,eiken_pre2,動名詞,動名詞,所有格/目的格 + ~ing / 動名詞だけをとる動詞 / forget・remember,動名詞は名詞の働きをし、前置詞の後や特定の動詞の後に使う。forget/remember は to不定詞と動名詞で意味が変わる。,私は彼が成功すると確信している。,I am sure of his succeeding.,動名詞を使う場面と to不定詞との意味の違いを理解する。,Q-PREP2-009-01,1,「私は彼に会ったことを覚えている。」に最も近い英文はどれですか。,I remember to meet him.,I remember meeting him.,I remember meet him.,I remember met him.,1,『〜したことを覚えている』は remember ~ing を使う。remember to は『忘れずに〜する』。,2
9,G-PREP2-009,eiken_pre2,動名詞,動名詞,所有格/目的格 + ~ing / 動名詞だけをとる動詞 / forget・remember,動名詞は名詞の働きをし、前置詞の後や特定の動詞の後に使う。forget/remember は to不定詞と動名詞で意味が変わる。,私は彼が成功すると確信している。,I am sure of his succeeding.,動名詞を使う場面と to不定詞との意味の違いを理解する。,Q-PREP2-009-02,2,空所に入る最も適切なものはどれですか。I don't mind _____ early.,get up,to get up,getting up,got up,2,mind の後は動名詞。,2
9,G-PREP2-009,eiken_pre2,動名詞,動名詞,所有格/目的格 + ~ing / 動名詞だけをとる動詞 / forget・remember,動名詞は名詞の働きをし、前置詞の後や特定の動詞の後に使う。forget/remember は to不定詞と動名詞で意味が変わる。,私は彼が成功すると確信している。,I am sure of his succeeding.,動名詞を使う場面と to不定詞との意味の違いを理解する。,Q-PREP2-009-03,3,「彼はその事実を否定した。」に最も近い英文はどれですか。,He denied knowing the fact.,He denied to know the fact.,He denied know the fact.,He denied knew the fact.,0,deny の後は動名詞。,2
9,G-PREP2-009,eiken_pre2,動名詞,動名詞,所有格/目的格 + ~ing / 動名詞だけをとる動詞 / forget・remember,動名詞は名詞の働きをし、前置詞の後や特定の動詞の後に使う。forget/remember は to不定詞と動名詞で意味が変わる。,私は彼が成功すると確信している。,I am sure of his succeeding.,動名詞を使う場面と to不定詞との意味の違いを理解する。,Q-PREP2-009-04,4,空所に入る最も適切なものはどれですか。I look forward to _____ you.,see,to see,seeing,saw,2,look forward to の to は前置詞なので後ろは動名詞。,2
9,G-PREP2-009,eiken_pre2,動名詞,動名詞,所有格/目的格 + ~ing / 動名詞だけをとる動詞 / forget・remember,動名詞は名詞の働きをし、前置詞の後や特定の動詞の後に使う。forget/remember は to不定詞と動名詞で意味が変わる。,私は彼が成功すると確信している。,I am sure of his succeeding.,動名詞を使う場面と to不定詞との意味の違いを理解する。,Q-PREP2-009-05,5,「私は忘れずに彼に電話する。」に最も近い英文はどれですか。,I remember calling him.,I remember to call him.,I remember called him.,I remember call him yesterday.,1,remember to ~ は『忘れずに〜する』。remember ~ing は『〜したことを覚えている』。,2
10,G-PREP2-010,eiken_pre2,分詞,分詞と分詞構文,現在分詞 / 過去分詞 / 分詞構文,現在分詞は『〜している』、過去分詞は『〜される』の意味を表す。分詞構文では時・理由・付帯状況などを表す。,疲れていたので、私は早く寝た。,"Being tired, I went to bed early.",分詞の意味と分詞構文の働きを理解する。,Q-PREP2-010-01,1,「私は自分の名前が呼ばれるのを聞いた。」に最も近い英文はどれですか。,I heard my name called.,I heard my name calling.,I heard my name to call.,I heard my name calls.,0,名前は『呼ばれる』側なので、過去分詞 called を使う。,2
10,G-PREP2-010,eiken_pre2,分詞,分詞と分詞構文,現在分詞 / 過去分詞 / 分詞構文,現在分詞は『〜している』、過去分詞は『〜される』の意味を表す。分詞構文では時・理由・付帯状況などを表す。,疲れていたので、私は早く寝た。,"Being tired, I went to bed early.",分詞の意味と分詞構文の働きを理解する。,Q-PREP2-010-02,2,空所に入る最も適切なものはどれですか。I saw him _____ in the park.,run,running,ran,to running,1,『走っているのを見た』という進行中の動作なので現在分詞 running。,2
10,G-PREP2-010,eiken_pre2,分詞,分詞と分詞構文,現在分詞 / 過去分詞 / 分詞構文,現在分詞は『〜している』、過去分詞は『〜される』の意味を表す。分詞構文では時・理由・付帯状況などを表す。,疲れていたので、私は早く寝た。,"Being tired, I went to bed early.",分詞の意味と分詞構文の働きを理解する。,Q-PREP2-010-03,3,「私は家を塗ってもらった。」に最も近い英文はどれですか。,I had my house painted.,I had my house painting.,I had my house to paint.,I had painted my house by myself only.,0,家は塗られる側なので have + 目的語 + 過去分詞。,2
10,G-PREP2-010,eiken_pre2,分詞,分詞と分詞構文,現在分詞 / 過去分詞 / 分詞構文,現在分詞は『〜している』、過去分詞は『〜される』の意味を表す。分詞構文では時・理由・付帯状況などを表す。,疲れていたので、私は早く寝た。,"Being tired, I went to bed early.",分詞の意味と分詞構文の働きを理解する。,Q-PREP2-010-04,4,"空所に入る最も適切なものはどれですか。_____ tired, I went to bed early.",Being,Be,Been,To be,0,理由を表す分詞構文では Being tired が使える。Being は省略されることもある。,2
10,G-PREP2-010,eiken_pre2,分詞,分詞と分詞構文,現在分詞 / 過去分詞 / 分詞構文,現在分詞は『〜している』、過去分詞は『〜される』の意味を表す。分詞構文では時・理由・付帯状況などを表す。,疲れていたので、私は早く寝た。,"Being tired, I went to bed early.",分詞の意味と分詞構文の働きを理解する。,Q-PREP2-010-05,5,「音楽を聞きながら、私は勉強します。」に最も近い英文はどれですか。,I study listening to music.,I study listened to music.,I study to listen music.,I study and listening music.,0,付帯状況『〜しながら』は分詞構文 listening to music で表せる。,2
11,G-PREP2-011,eiken_pre2,仮定法,仮定法過去・I wish,"If + 過去形, would/could + 原形 / I wish + 過去形",現在の事実と反対のこと、実現しにくい願望を表す。be動詞は主語が単数でも were を使うことが多い。,もし私が鳥なら、空を飛べるのに。,"If I were a bird, I could fly in the sky.",現在の事実と反対の仮定や願望を表せる。,Q-PREP2-011-01,1,「あなたがここにいたらいいのに。」に最も近い英文はどれですか。,I wish you are here.,I wish you were here.,I hope you were here yesterday.,I wish you will here.,1,現在の願望だが、実際はいないので I wish + 過去形 were を使う。,2
11,G-PREP2-011,eiken_pre2,仮定法,仮定法過去・I wish,"If + 過去形, would/could + 原形 / I wish + 過去形",現在の事実と反対のこと、実現しにくい願望を表す。be動詞は主語が単数でも were を使うことが多い。,もし私が鳥なら、空を飛べるのに。,"If I were a bird, I could fly in the sky.",現在の事実と反対の仮定や願望を表せる。,Q-PREP2-011-02,2,"空所に入る最も適切なものはどれですか。If I _____ much money, I would buy them.",have,had,will have,has,1,現在の事実と反対の仮定なので if節は過去形。,2
11,G-PREP2-011,eiken_pre2,仮定法,仮定法過去・I wish,"If + 過去形, would/could + 原形 / I wish + 過去形",現在の事実と反対のこと、実現しにくい願望を表す。be動詞は主語が単数でも were を使うことが多い。,もし私が鳥なら、空を飛べるのに。,"If I were a bird, I could fly in the sky.",現在の事実と反対の仮定や願望を表せる。,Q-PREP2-011-03,3,「もし今日晴れていたら、テニスをするのに。」に最も近い英文はどれですか。,"If it were sunny today, we would play tennis.","If it is sunny today, we played tennis.","If it was sunny today, we will play tennis.","If it be sunny today, we play tennis.",0,仮定法では be動詞は were を使うことが多い。,2
11,G-PREP2-011,eiken_pre2,仮定法,仮定法過去・I wish,"If + 過去形, would/could + 原形 / I wish + 過去形",現在の事実と反対のこと、実現しにくい願望を表す。be動詞は主語が単数でも were を使うことが多い。,もし私が鳥なら、空を飛べるのに。,"If I were a bird, I could fly in the sky.",現在の事実と反対の仮定や願望を表せる。,Q-PREP2-011-04,4,空所に入る最も適切なものはどれですか。I wish I _____ go with you.,can,could,will,am able,1,実現しにくい願望は I wish + 助動詞の過去形。,2
11,G-PREP2-011,eiken_pre2,仮定法,仮定法過去・I wish,"If + 過去形, would/could + 原形 / I wish + 過去形",現在の事実と反対のこと、実現しにくい願望を表す。be動詞は主語が単数でも were を使うことが多い。,もし私が鳥なら、空を飛べるのに。,"If I were a bird, I could fly in the sky.",現在の事実と反対の仮定や願望を表せる。,Q-PREP2-011-05,5,「私が鳥だったらいいのに。」に最も近い英文はどれですか。,I wish I were a bird.,I wish I am a bird.,I hope I were a bird.,I wish I will be a bird.,0,I wish + 主語 + were で現在の事実と反対の願望を表す。,2
12,G-PREP2-012,eiken_pre2,関係詞,関係代名詞,非制限用法 / whose / what,関係代名詞は名詞を詳しく説明する。コンマ付きの非制限用法は追加説明、whose は所有、what は『〜すること・もの』を表す。,これは私が探していたものです。,This is what I’ve been looking for.,who/whose/what と制限・非制限用法を区別する。,Q-PREP2-012-01,1,「私は名前がオリビアというカナダ人の女の子に会った。」に最も近い英文はどれですか。,I met a Canadian girl whose name is Olivia.,I met a Canadian girl who name is Olivia.,I met a Canadian girl what name is Olivia.,I met a Canadian girl which name is Olivia.,0,『〜の名前』という所有を表すので whose を使う。,2
12,G-PREP2-012,eiken_pre2,関係詞,関係代名詞,非制限用法 / whose / what,関係代名詞は名詞を詳しく説明する。コンマ付きの非制限用法は追加説明、whose は所有、what は『〜すること・もの』を表す。,これは私が探していたものです。,This is what I’ve been looking for.,who/whose/what と制限・非制限用法を区別する。,Q-PREP2-012-02,2,"空所に入る最も適切なものはどれですか。He has a friend, _____ lives in Canada.",who,which,what,whose,0,人についての追加説明なので who を使う。,2
12,G-PREP2-012,eiken_pre2,関係詞,関係代名詞,非制限用法 / whose / what,関係代名詞は名詞を詳しく説明する。コンマ付きの非制限用法は追加説明、whose は所有、what は『〜すること・もの』を表す。,これは私が探していたものです。,This is what I’ve been looking for.,who/whose/what と制限・非制限用法を区別する。,Q-PREP2-012-03,3,「私は毛が白い犬を見た。」に最も近い英文はどれですか。,I saw a dog whose hair was white.,I saw a dog who hair was white.,I saw a dog what hair was white.,I saw a dog which hair was white.,0,所有を表すので whose を使う。,2
12,G-PREP2-012,eiken_pre2,関係詞,関係代名詞,非制限用法 / whose / what,関係代名詞は名詞を詳しく説明する。コンマ付きの非制限用法は追加説明、whose は所有、what は『〜すること・もの』を表す。,これは私が探していたものです。,This is what I’ve been looking for.,who/whose/what と制限・非制限用法を区別する。,Q-PREP2-012-04,4,空所に入る最も適切なものはどれですか。I don't know _____ he said.,who,whose,what,which place,2,what は『〜すること・もの』を表す。,2
12,G-PREP2-012,eiken_pre2,関係詞,関係代名詞,非制限用法 / whose / what,関係代名詞は名詞を詳しく説明する。コンマ付きの非制限用法は追加説明、whose は所有、what は『〜すること・もの』を表す。,これは私が探していたものです。,This is what I’ve been looking for.,who/whose/what と制限・非制限用法を区別する。,Q-PREP2-012-05,5,"コンマの意味として正しいものはどれですか。He has a friend, who lives in Canada.",カナダに住む友達だけがいるという限定,友達について追加説明している,who は使えない,Canada を強調している,1,コンマ付きの関係代名詞は非制限用法で、追加説明を表す。,2
13,G-PREP2-013,eiken_pre2,関係詞,関係副詞,when / where / why / how,関係副詞は時・場所・理由・方法を説明する。why は the reason を省略でき、how は the way と同じ意味で使う。,私は彼女が欠席した理由を知っている。,I know the reason why she was absent.,先行詞に合わせて when/where/why/how を選べる。,Q-PREP2-013-01,1,「私は彼女が生まれた町を訪れた。」に最も近い英文はどれですか。,I visited the town where she was born.,I visited the town when she was born.,I visited the town why she was born.,I visited the town what she was born.,0,町という場所を説明するので where を使う。,2
13,G-PREP2-013,eiken_pre2,関係詞,関係副詞,when / where / why / how,関係副詞は時・場所・理由・方法を説明する。why は the reason を省略でき、how は the way と同じ意味で使う。,私は彼女が欠席した理由を知っている。,I know the reason why she was absent.,先行詞に合わせて when/where/why/how を選べる。,Q-PREP2-013-02,2,空所に入る最も適切なものはどれですか。He remembered the day _____ they first met.,where,when,why,how,1,day という時を説明するので when。,2
13,G-PREP2-013,eiken_pre2,関係詞,関係副詞,when / where / why / how,関係副詞は時・場所・理由・方法を説明する。why は the reason を省略でき、how は the way と同じ意味で使う。,私は彼女が欠席した理由を知っている。,I know the reason why she was absent.,先行詞に合わせて when/where/why/how を選べる。,Q-PREP2-013-03,3,「私は彼女が欠席した理由を知っている。」に最も近い英文はどれですか。,I know the reason why she was absent.,I know the place where she was absent.,I know the day when she was absent.,I know the way how she was absent.,0,理由を説明するので why。,2
13,G-PREP2-013,eiken_pre2,関係詞,関係副詞,when / where / why / how,関係副詞は時・場所・理由・方法を説明する。why は the reason を省略でき、how は the way と同じ意味で使う。,私は彼女が欠席した理由を知っている。,I know the reason why she was absent.,先行詞に合わせて when/where/why/how を選べる。,Q-PREP2-013-04,4,空所に入る最も適切なものはどれですか。This is _____ I learned English.,where,why,how,when,2,方法を表すので how。,2
13,G-PREP2-013,eiken_pre2,関係詞,関係副詞,when / where / why / how,関係副詞は時・場所・理由・方法を説明する。why は the reason を省略でき、how は the way と同じ意味で使う。,私は彼女が欠席した理由を知っている。,I know the reason why she was absent.,先行詞に合わせて when/where/why/how を選べる。,Q-PREP2-013-05,5,次の英文と同じ意味のものはどれですか。This is how I learned English.,This is the way I learned English.,This is the reason I learned English.,This is the place I learned English.,This is the day I learned English.,0,how は the way と同じように方法を表す。,2
14,G-PREP2-014,eiken_pre2,関係詞,複合関係詞,whoever / whatever / whichever / whenever / wherever,複合関係詞は『〜する人は誰でも』『何が〜であろうとも』『いつ〜しても』などを表す。,参加したい人は誰でも歓迎です。,Whoever wants to join our club is welcome.,複合関係詞の意味を文脈で判断できる。,Q-PREP2-014-01,1,「必要なときはいつでも、それを持って行きなさい。」に最も近い英文はどれですか。,Take it with you whenever you need it.,Take it with you whoever you need it.,Take it with you whatever you need it.,Take it with you whichever you need it.,0,『いつでも』は whenever を使う。,2
14,G-PREP2-014,eiken_pre2,関係詞,複合関係詞,whoever / whatever / whichever / whenever / wherever,複合関係詞は『〜する人は誰でも』『何が〜であろうとも』『いつ〜しても』などを表す。,参加したい人は誰でも歓迎です。,Whoever wants to join our club is welcome.,複合関係詞の意味を文脈で判断できる。,Q-PREP2-014-02,2,空所に入る最も適切なものはどれですか。_____ wants to join our club is welcome.,Whoever,Whenever,Wherever,Whichever,0,『〜する人は誰でも』は Whoever。,2
14,G-PREP2-014,eiken_pre2,関係詞,複合関係詞,whoever / whatever / whichever / whenever / wherever,複合関係詞は『〜する人は誰でも』『何が〜であろうとも』『いつ〜しても』などを表す。,参加したい人は誰でも歓迎です。,Whoever wants to join our club is welcome.,複合関係詞の意味を文脈で判断できる。,Q-PREP2-014-03,3,「あなたは好きなどの席でも取ってよい。」に最も近い英文はどれですか。,You can take whichever seat you like.,You can take whenever seat you like.,You can take wherever seat you like.,You can take whoever seat you like.,0,選択肢の中の『どれでも』は whichever。,2
14,G-PREP2-014,eiken_pre2,関係詞,複合関係詞,whoever / whatever / whichever / whenever / wherever,複合関係詞は『〜する人は誰でも』『何が〜であろうとも』『いつ〜しても』などを表す。,参加したい人は誰でも歓迎です。,Whoever wants to join our club is welcome.,複合関係詞の意味を文脈で判断できる。,Q-PREP2-014-04,4,空所に入る最も適切なものはどれですか。I take my smartphone with me _____ I go.,whoever,wherever,whatever,whichever,1,『どこへ行っても』は wherever。,2
14,G-PREP2-014,eiken_pre2,関係詞,複合関係詞,whoever / whatever / whichever / whenever / wherever,複合関係詞は『〜する人は誰でも』『何が〜であろうとも』『いつ〜しても』などを表す。,参加したい人は誰でも歓迎です。,Whoever wants to join our club is welcome.,複合関係詞の意味を文脈で判断できる。,Q-PREP2-014-05,5,「あなたが何をあげても、彼女は喜ぶでしょう。」に最も近い英文はどれですか。,"Whatever you give, she will be pleased.","Whoever you give, she will be pleased.","Whenever you give, she will be pleased.","Wherever you give, she will be pleased.",0,『何を〜しても』は whatever。,2
15,G-PREP2-015,eiken_pre2,比較,比較の発展表現,"倍数比較 / as ... as possible / less / no more than / the 比較級, the 比較級",比較には倍数、できるだけ、〜ほどではない、だんだん〜、〜すればするほど…などの表現がある。,練習すればするほど、上手になる。,"The more you practice, the better you play.",準2級で出やすい比較表現を使い分ける。,Q-PREP2-015-01,1,「この部屋はあの部屋の3倍の広さです。」に最も近い英文はどれですか。,This room is three times as large as that one.,This room is three large than that one.,This room is as three large as that one.,This room is three times larger as that one.,0,倍数表現は three times as 原級 as を使う。,2
15,G-PREP2-015,eiken_pre2,比較,比較の発展表現,"倍数比較 / as ... as possible / less / no more than / the 比較級, the 比較級",比較には倍数、できるだけ、〜ほどではない、だんだん〜、〜すればするほど…などの表現がある。,練習すればするほど、上手になる。,"The more you practice, the better you play.",準2級で出やすい比較表現を使い分ける。,Q-PREP2-015-02,2,空所に入る最も適切なものはどれですか。I ran as fast as I _____.,can,could,am,was,1,過去の文なので as fast as I could。,2
15,G-PREP2-015,eiken_pre2,比較,比較の発展表現,"倍数比較 / as ... as possible / less / no more than / the 比較級, the 比較級",比較には倍数、できるだけ、〜ほどではない、だんだん〜、〜すればするほど…などの表現がある。,練習すればするほど、上手になる。,"The more you practice, the better you play.",準2級で出やすい比較表現を使い分ける。,Q-PREP2-015-03,3,「この車はあの車ほど高くない。」に最も近い英文はどれですか。,This car is less expensive than that one.,This car is no less expensive than that one.,This car is as expensive as that one.,This car is much expensive than that one.,0,less 原級 than は『〜ほど…ではない』。,2
15,G-PREP2-015,eiken_pre2,比較,比較の発展表現,"倍数比較 / as ... as possible / less / no more than / the 比較級, the 比較級",比較には倍数、できるだけ、〜ほどではない、だんだん〜、〜すればするほど…などの表現がある。,練習すればするほど、上手になる。,"The more you practice, the better you play.",準2級で出やすい比較表現を使い分ける。,Q-PREP2-015-04,4,"空所に入る最も適切なものはどれですか。The more you practice, _____ you play.",the good,the better,better,best,1,"『〜すればするほど…』は the 比較級, the 比較級。",2
15,G-PREP2-015,eiken_pre2,比較,比較の発展表現,"倍数比較 / as ... as possible / less / no more than / the 比較級, the 比較級",比較には倍数、できるだけ、〜ほどではない、だんだん〜、〜すればするほど…などの表現がある。,練習すればするほど、上手になる。,"The more you practice, the better you play.",準2級で出やすい比較表現を使い分ける。,Q-PREP2-015-05,5,「富士山ほど高い山は日本にない。」に最も近い英文はどれですか。,No other mountain in Japan is so high as Mt. Fuji.,No mountain is high Mt. Fuji in Japan.,Mt. Fuji is no high mountain in Japan.,Other mountain is so high as Mt. Fuji.,0,最上級の言い換えは No other 名詞 is so 原級 as ...。,2
16,G-PREP2-016,eiken_pre2,構文,無生物主語,物・事柄を主語にする表現,英語では人ではなく、物や事柄を主語にして『〜させる』『〜へ連れて行く』『〜を思い出させる』などを表すことがある。,この写真を見ると彼女を思い出します。,This picture reminds me of her.,日本語では人を主語にしがちな文を、英語らしい無生物主語で表せる。,Q-PREP2-016-01,1,「何があなたをこの町に来させたのですか。」に最も近い英文はどれですか。,What brought you to this town?,Why brought you to this town?,What did brought you to this town?,What made you came to this town?,0,無生物主語の疑問文では What brought you ...? と表せる。,2
16,G-PREP2-016,eiken_pre2,構文,無生物主語,物・事柄を主語にする表現,英語では人ではなく、物や事柄を主語にして『〜させる』『〜へ連れて行く』『〜を思い出させる』などを表すことがある。,この写真を見ると彼女を思い出します。,This picture reminds me of her.,日本語では人を主語にしがちな文を、英語らしい無生物主語で表せる。,Q-PREP2-016-02,2,空所に入る最も適切なものはどれですか。This street will _____ you to the shop.,take,bring,make,remind,0,道を主語にして『〜へ連れて行く』は take。,2
16,G-PREP2-016,eiken_pre2,構文,無生物主語,物・事柄を主語にする表現,英語では人ではなく、物や事柄を主語にして『〜させる』『〜へ連れて行く』『〜を思い出させる』などを表すことがある。,この写真を見ると彼女を思い出します。,This picture reminds me of her.,日本語では人を主語にしがちな文を、英語らしい無生物主語で表せる。,Q-PREP2-016-03,3,「その歌は私を幸せな気持ちにした。」に最も近い英文はどれですか。,The song made me happy.,The song took me happy.,The song reminded me happy.,The song brought happy to me.,0,物を主語にして make + 人 + 形容詞。,2
16,G-PREP2-016,eiken_pre2,構文,無生物主語,物・事柄を主語にする表現,英語では人ではなく、物や事柄を主語にして『〜させる』『〜へ連れて行く』『〜を思い出させる』などを表すことがある。,この写真を見ると彼女を思い出します。,This picture reminds me of her.,日本語では人を主語にしがちな文を、英語らしい無生物主語で表せる。,Q-PREP2-016-04,4,空所に入る最も適切なものはどれですか。This picture _____ me of her.,takes,reminds,brings,makes,1,remind A of B で『AにBを思い出させる』。,2
16,G-PREP2-016,eiken_pre2,構文,無生物主語,物・事柄を主語にする表現,英語では人ではなく、物や事柄を主語にして『〜させる』『〜へ連れて行く』『〜を思い出させる』などを表すことがある。,この写真を見ると彼女を思い出します。,This picture reminds me of her.,日本語では人を主語にしがちな文を、英語らしい無生物主語で表せる。,Q-PREP2-016-05,5,「この電車は私たちを新宿へ連れて行きます。」に最も近い英文はどれですか。,This train takes us to Shinjuku.,This train makes us to Shinjuku.,This train reminds us to Shinjuku.,This train brings us happy Shinjuku.,0,交通手段を主語にして take 人 to 場所。,2
17,G-PREP2-017,eiken_pre2,構文,強調構文,It is/was ... that ~,文の一部を強調して『〜したのは…だ』と表す。人・物・場所・時などを強調できる。,その店でエイミーを見かけたのはジムだった。,It was Jim that saw Amy at the shop.,強調したい部分を It was ... that の形で表せる。,Q-PREP2-017-01,1,「ジムがエイミーを見かけたのは昨日だった。」に最も近い英文はどれですか。,It was yesterday that Jim saw Amy.,It yesterday was that Jim saw Amy.,Yesterday was it that Jim saw Amy.,It was Jim that yesterday saw Amy.,0,時を強調する場合も It was yesterday that ... の形を使う。,2
17,G-PREP2-017,eiken_pre2,構文,強調構文,It is/was ... that ~,文の一部を強調して『〜したのは…だ』と表す。人・物・場所・時などを強調できる。,その店でエイミーを見かけたのはジムだった。,It was Jim that saw Amy at the shop.,強調したい部分を It was ... that の形で表せる。,Q-PREP2-017-02,2,空所に入る最も適切なものはどれですか。It was Amy _____ Jim saw at the shop.,who,that,where,when,1,強調構文は It was ... that ~。,2
17,G-PREP2-017,eiken_pre2,構文,強調構文,It is/was ... that ~,文の一部を強調して『〜したのは…だ』と表す。人・物・場所・時などを強調できる。,その店でエイミーを見かけたのはジムだった。,It was Jim that saw Amy at the shop.,強調したい部分を It was ... that の形で表せる。,Q-PREP2-017-03,3,「ジムがエイミーを見かけたのはその店だった。」に最も近い英文はどれですか。,It was at the shop that Jim saw Amy.,It was the shop where that Jim saw Amy.,It at the shop was Jim saw Amy.,It was Jim that at the shop saw Amy.,0,場所を強調すると It was at the shop that ...。,2
17,G-PREP2-017,eiken_pre2,構文,強調構文,It is/was ... that ~,文の一部を強調して『〜したのは…だ』と表す。人・物・場所・時などを強調できる。,その店でエイミーを見かけたのはジムだった。,It was Jim that saw Amy at the shop.,強調したい部分を It was ... that の形で表せる。,Q-PREP2-017-04,4,強調されている部分はどれですか。It was Jim that saw Amy at the shop.,Jim,Amy,at the shop,saw,0,It was Jim that ... なので Jim が強調されている。,2
17,G-PREP2-017,eiken_pre2,構文,強調構文,It is/was ... that ~,文の一部を強調して『〜したのは…だ』と表す。人・物・場所・時などを強調できる。,その店でエイミーを見かけたのはジムだった。,It was Jim that saw Amy at the shop.,強調したい部分を It was ... that の形で表せる。,Q-PREP2-017-05,5,強調構文として正しいものはどれですか。,It was yesterday that Jim saw Amy at the shop.,It yesterday was Jim saw Amy at the shop.,Yesterday it was that Jim saw Amy at the shop.,It was saw that Jim yesterday Amy.,0,時を強調する場合も It was yesterday that ... の形。,2
